District,Date,Month,Year,Visitors
Adilabad,42370,January,2016,2
Adilabad,42401,February,2016,0
Adilabad,42430,March,2016,2
Adilabad,42461,April,2016,0
Adilabad,42491,May,2016,0
Adilabad,42522,June,2016,0
Adilabad,42552,July,2016,4
Adilabad,42583,August,2016,2
Adilabad,42614,September,2016,0
Adilabad,42644,October,2016,0
Adilabad,42675,November,2016,0
Adilabad,42705,December,2016,0
Bhadradri Kothagudem ,42370,January,2016,0
Bhadradri Kothagudem ,42401,February,2016,0
Bhadradri Kothagudem ,42430,March,2016,0
Bhadradri Kothagudem ,42461,April,2016,0
Bhadradri Kothagudem ,42491,May,2016,0
Bhadradri Kothagudem ,42522,June,2016,0
Bhadradri Kothagudem ,42552,July,2016,0
Bhadradri Kothagudem ,42583,August,2016,0
Bhadradri Kothagudem ,42614,September,2016,0
Bhadradri Kothagudem ,42644,October,2016,0
Bhadradri Kothagudem ,42675,November,2016,0
Bhadradri Kothagudem ,42705,December,2016,0
Hyderabad,42370,January,2016,15865
Hyderabad,42401,February,2016,29646
Hyderabad,42430,March,2016,13019
Hyderabad,42461,April,2016,8402
Hyderabad,42491,May,2016,8522
Hyderabad,42522,June,2016,10284
Hyderabad,42552,July,2016,17142
Hyderabad,42583,August,2016,12842
Hyderabad,42614,September,2016,9397
Hyderabad,42644,October,2016,12808
Hyderabad,42675,November,2016,8084
Hyderabad,42705,December,2016,17620
Jagtial ,42370,January,2016,0
Jagtial ,42401,February,2016,0
Jagtial ,42430,March,2016,0
Jagtial ,42461,April,2016,0
Jagtial ,42491,May,2016,0
Jagtial ,42522,June,2016,0
Jagtial ,42552,July,2016,0
Jagtial ,42583,August,2016,0
Jagtial ,42614,September,2016,0
Jagtial ,42644,October,2016,0
Jagtial ,42675,November,2016,0
Jagtial ,42705,December,2016,0
Jangaon ,42370,January,2016,0
Jangaon ,42401,February,2016,0
Jangaon ,42430,March,2016,0
Jangaon ,42461,April,2016,0
Jangaon ,42491,May,2016,0
Jangaon ,42522,June,2016,0
Jangaon ,42552,July,2016,0
Jangaon ,42583,August,2016,0
Jangaon ,42614,September,2016,0
Jangaon ,42644,October,2016,0
Jangaon ,42675,November,2016,2
Jangaon ,42705,December,2016,0
Jayashankar Bhoopalpally,42370,January,2016,0
Jayashankar Bhoopalpally,42401,February,2016,0
Jayashankar Bhoopalpally,42430,March,2016,0
Jayashankar Bhoopalpally,42461,April,2016,0
Jayashankar Bhoopalpally,42491,May,2016,0
Jayashankar Bhoopalpally,42522,June,2016,0
Jayashankar Bhoopalpally,42552,July,2016,0
Jayashankar Bhoopalpally,42583,August,2016,0
Jayashankar Bhoopalpally,42614,September,2016,0
Jayashankar Bhoopalpally,42644,October,2016,24
Jayashankar Bhoopalpally,42675,November,2016,22
Jayashankar Bhoopalpally,42705,December,2016,40
Jogulamba Gadwal ,42370,January,2016,0
Jogulamba Gadwal ,42401,February,2016,0
Jogulamba Gadwal ,42430,March,2016,0
Jogulamba Gadwal ,42461,April,2016,0
Jogulamba Gadwal ,42491,May,2016,0
Jogulamba Gadwal ,42522,June,2016,0
Jogulamba Gadwal ,42552,July,2016,0
Jogulamba Gadwal ,42583,August,2016,0
Jogulamba Gadwal ,42614,September,2016,0
Jogulamba Gadwal ,42644,October,2016,13
Jogulamba Gadwal ,42675,November,2016,21
Jogulamba Gadwal ,42705,December,2016,11
Kamareddy ,42370,January,2016,0
Kamareddy ,42401,February,2016,0
Kamareddy ,42430,March,2016,0
Kamareddy ,42461,April,2016,0
Kamareddy ,42491,May,2016,0
Kamareddy ,42522,June,2016,0
Kamareddy ,42552,July,2016,0
Kamareddy ,42583,August,2016,0
Kamareddy ,42614,September,2016,0
Kamareddy ,42644,October,2016,0
Kamareddy ,42675,November,2016,0
Kamareddy ,42705,December,2016,0
Karimnagar ,42370,January,2016,0
Karimnagar ,42401,February,2016,0
Karimnagar ,42430,March,2016,0
Karimnagar ,42461,April,2016,0
Karimnagar ,42491,May,2016,0
Karimnagar ,42522,June,2016,0
Karimnagar ,42552,July,2016,0
Karimnagar ,42583,August,2016,0
Karimnagar ,42614,September,2016,0
Karimnagar ,42644,October,2016,0
Karimnagar ,42675,November,2016,0
Karimnagar ,42705,December,2016,0
Khammam,42370,January,2016,0
Khammam,42401,February,2016,0
Khammam,42430,March,2016,0
Khammam,42461,April,2016,0
Khammam,42491,May,2016,0
Khammam,42522,June,2016,0
Khammam,42552,July,2016,0
Khammam,42583,August,2016,0
Khammam,42614,September,2016,0
Khammam,42644,October,2016,0
Khammam,42675,November,2016,0
Khammam,42705,December,2016,0
Komaram Bheem Asifabad,42370,January,2016,0
Komaram Bheem Asifabad,42401,February,2016,0
Komaram Bheem Asifabad,42430,March,2016,0
Komaram Bheem Asifabad,42461,April,2016,0
Komaram Bheem Asifabad,42491,May,2016,0
Komaram Bheem Asifabad,42522,June,2016,0
Komaram Bheem Asifabad,42552,July,2016,0
Komaram Bheem Asifabad,42583,August,2016,0
Komaram Bheem Asifabad,42614,September,2016,0
Komaram Bheem Asifabad,42644,October,2016,0
Komaram Bheem Asifabad,42675,November,2016,0
Komaram Bheem Asifabad,42705,December,2016,0
Mahabubabad ,42370,January,2016,0
Mahabubabad ,42401,February,2016,0
Mahabubabad ,42430,March,2016,0
Mahabubabad ,42461,April,2016,0
Mahabubabad ,42491,May,2016,0
Mahabubabad ,42522,June,2016,0
Mahabubabad ,42552,July,2016,0
Mahabubabad ,42583,August,2016,0
Mahabubabad ,42614,September,2016,0
Mahabubabad ,42644,October,2016,0
Mahabubabad ,42675,November,2016,0
Mahabubabad ,42705,December,2016,0
Mahbubnagar,42370,January,2016,123
Mahbubnagar,42401,February,2016,126
Mahbubnagar,42430,March,2016,103
Mahbubnagar,42461,April,2016,75
Mahbubnagar,42491,May,2016,58
Mahbubnagar,42522,June,2016,68
Mahbubnagar,42552,July,2016,63
Mahbubnagar,42583,August,2016,86
Mahbubnagar,42614,September,2016,74
Mahbubnagar,42644,October,2016,37
Mahbubnagar,42675,November,2016,29
Mahbubnagar,42705,December,2016,26
Mancherial,42370,January,2016,0
Mancherial,42401,February,2016,0
Mancherial,42430,March,2016,0
Mancherial,42461,April,2016,0
Mancherial,42491,May,2016,0
Mancherial,42522,June,2016,0
Mancherial,42552,July,2016,0
Mancherial,42583,August,2016,0
Mancherial,42614,September,2016,0
Mancherial,42644,October,2016,0
Mancherial,42675,November,2016,0
Mancherial,42705,December,2016,0
Medak ,42370,January,2016,0
Medak ,42401,February,2016,0
Medak ,42430,March,2016,0
Medak ,42461,April,2016,0
Medak ,42491,May,2016,0
Medak ,42522,June,2016,0
Medak ,42552,July,2016,0
Medak ,42583,August,2016,0
Medak ,42614,September,2016,0
Medak ,42644,October,2016,0
Medak ,42675,November,2016,0
Medak ,42705,December,2016,0
Medchal ,42370,January,2016,0
Medchal ,42401,February,2016,0
Medchal ,42430,March,2016,0
Medchal ,42461,April,2016,0
Medchal ,42491,May,2016,0
Medchal ,42522,June,2016,0
Medchal ,42552,July,2016,0
Medchal ,42583,August,2016,0
Medchal ,42614,September,2016,0
Medchal ,42644,October,2016,0
Medchal ,42675,November,2016,0
Medchal ,42705,December,2016,0
Nagarkurnool ,42370,January,2016,0
Nagarkurnool ,42401,February,2016,0
Nagarkurnool ,42430,March,2016,0
Nagarkurnool ,42461,April,2016,0
Nagarkurnool ,42491,May,2016,0
Nagarkurnool ,42522,June,2016,0
Nagarkurnool ,42552,July,2016,0
Nagarkurnool ,42583,August,2016,0
Nagarkurnool ,42614,September,2016,0
Nagarkurnool ,42644,October,2016,8
Nagarkurnool ,42675,November,2016,11
Nagarkurnool ,42705,December,2016,10
Nalgonda,42370,January,2016,0
Nalgonda,42401,February,2016,0
Nalgonda,42430,March,2016,0
Nalgonda,42461,April,2016,0
Nalgonda,42491,May,2016,0
Nalgonda,42522,June,2016,0
Nalgonda,42552,July,2016,0
Nalgonda,42583,August,2016,0
Nalgonda,42614,September,2016,0
Nalgonda,42644,October,2016,0
Nalgonda,42675,November,2016,0
Nalgonda,42705,December,2016,0
Nirmal,42370,January,2016,0
Nirmal,42401,February,2016,0
Nirmal,42430,March,2016,0
Nirmal,42461,April,2016,0
Nirmal,42491,May,2016,0
Nirmal,42522,June,2016,0
Nirmal,42552,July,2016,0
Nirmal,42583,August,2016,0
Nirmal,42614,September,2016,0
Nirmal,42644,October,2016,0
Nirmal,42675,November,2016,0
Nirmal,42705,December,2016,0
Nizamabad,42370,January,2016,0
Nizamabad,42401,February,2016,0
Nizamabad,42430,March,2016,0
Nizamabad,42461,April,2016,0
Nizamabad,42491,May,2016,0
Nizamabad,42522,June,2016,0
Nizamabad,42552,July,2016,0
Nizamabad,42583,August,2016,0
Nizamabad,42614,September,2016,0
Nizamabad,42644,October,2016,0
Nizamabad,42675,November,2016,0
Nizamabad,42705,December,2016,0
Peddapalli,42370,January,2016,0
Peddapalli,42401,February,2016,0
Peddapalli,42430,March,2016,0
Peddapalli,42461,April,2016,0
Peddapalli,42491,May,2016,0
Peddapalli,42522,June,2016,0
Peddapalli,42552,July,2016,0
Peddapalli,42583,August,2016,0
Peddapalli,42614,September,2016,0
Peddapalli,42644,October,2016,0
Peddapalli,42675,November,2016,0
Peddapalli,42705,December,2016,0
Rajanna Sircilla ,42370,January,2016,0
Rajanna Sircilla ,42401,February,2016,0
Rajanna Sircilla ,42430,March,2016,0
Rajanna Sircilla ,42461,April,2016,0
Rajanna Sircilla ,42491,May,2016,0
Rajanna Sircilla ,42522,June,2016,0
Rajanna Sircilla ,42552,July,2016,0
Rajanna Sircilla ,42583,August,2016,0
Rajanna Sircilla ,42614,September,2016,0
Rajanna Sircilla ,42644,October,2016,0
Rajanna Sircilla ,42675,November,2016,0
Rajanna Sircilla ,42705,December,2016,0
Ranga Reddy,42370,January,2016,0
Ranga Reddy,42401,February,2016,0
Ranga Reddy,42430,March,2016,0
Ranga Reddy,42461,April,2016,0
Ranga Reddy,42491,May,2016,0
Ranga Reddy,42522,June,2016,0
Ranga Reddy,42552,July,2016,0
Ranga Reddy,42583,August,2016,0
Ranga Reddy,42614,September,2016,0
Ranga Reddy,42644,October,2016,0
Ranga Reddy,42675,November,2016,0
Ranga Reddy,42705,December,2016,0
Sangareddy ,42370,January,2016,0
Sangareddy ,42401,February,2016,0
Sangareddy ,42430,March,2016,0
Sangareddy ,42461,April,2016,0
Sangareddy ,42491,May,2016,0
Sangareddy ,42522,June,2016,0
Sangareddy ,42552,July,2016,0
Sangareddy ,42583,August,2016,0
Sangareddy ,42614,September,2016,0
Sangareddy ,42644,October,2016,0
Sangareddy ,42675,November,2016,0
Sangareddy ,42705,December,2016,0
Siddipet,42370,January,2016,0
Siddipet,42401,February,2016,0
Siddipet,42430,March,2016,0
Siddipet,42461,April,2016,0
Siddipet,42491,May,2016,0
Siddipet,42522,June,2016,0
Siddipet,42552,July,2016,0
Siddipet,42583,August,2016,0
Siddipet,42614,September,2016,0
Siddipet,42644,October,2016,0
Siddipet,42675,November,2016,0
Siddipet,42705,December,2016,0
Suryapet,42370,January,2016,0
Suryapet,42401,February,2016,0
Suryapet,42430,March,2016,0
Suryapet,42461,April,2016,0
Suryapet,42491,May,2016,0
Suryapet,42522,June,2016,0
Suryapet,42552,July,2016,0
Suryapet,42583,August,2016,0
Suryapet,42614,September,2016,0
Suryapet,42644,October,2016,0
Suryapet,42675,November,2016,0
Suryapet,42705,December,2016,0
Vikarabad,42370,January,2016,0
Vikarabad,42401,February,2016,0
Vikarabad,42430,March,2016,0
Vikarabad,42461,April,2016,0
Vikarabad,42491,May,2016,0
Vikarabad,42522,June,2016,0
Vikarabad,42552,July,2016,0
Vikarabad,42583,August,2016,0
Vikarabad,42614,September,2016,0
Vikarabad,42644,October,2016,0
Vikarabad,42675,November,2016,0
Vikarabad,42705,December,2016,0
Wanaparthy ,42370,January,2016,0
Wanaparthy ,42401,February,2016,0
Wanaparthy ,42430,March,2016,0
Wanaparthy ,42461,April,2016,0
Wanaparthy ,42491,May,2016,0
Wanaparthy ,42522,June,2016,0
Wanaparthy ,42552,July,2016,0
Wanaparthy ,42583,August,2016,0
Wanaparthy ,42614,September,2016,0
Wanaparthy ,42644,October,2016,0
Wanaparthy ,42675,November,2016,0
Wanaparthy ,42705,December,2016,0
Warangal (Rural),42370,January,2016,0
Warangal (Rural),42401,February,2016,0
Warangal (Rural),42430,March,2016,0
Warangal (Rural),42461,April,2016,0
Warangal (Rural),42491,May,2016,0
Warangal (Rural),42522,June,2016,0
Warangal (Rural),42552,July,2016,0
Warangal (Rural),42583,August,2016,0
Warangal (Rural),42614,September,2016,0
Warangal (Rural),42644,October,2016,0
Warangal (Rural),42675,November,2016,0
Warangal (Rural),42705,December,2016,0
Warangal (Urban),42370,January,2016,459
Warangal (Urban),42401,February,2016,391
Warangal (Urban),42430,March,2016,230
Warangal (Urban),42461,April,2016,39
Warangal (Urban),42491,May,2016,82
Warangal (Urban),42522,June,2016,88
Warangal (Urban),42552,July,2016,53
Warangal (Urban),42583,August,2016,102
Warangal (Urban),42614,September,2016,118
Warangal (Urban),42644,October,2016,108
Warangal (Urban),42675,November,2016,97
Warangal (Urban),42705,December,2016,132
Yadadri Bhongir,42370,January,2016,0
Yadadri Bhongir,42401,February,2016,0
Yadadri Bhongir,42430,March,2016,0
Yadadri Bhongir,42461,April,2016,0
Yadadri Bhongir,42491,May,2016,0
Yadadri Bhongir,42522,June,2016,0
Yadadri Bhongir,42552,July,2016,0
Yadadri Bhongir,42583,August,2016,0
Yadadri Bhongir,42614,September,2016,0
Yadadri Bhongir,42644,October,2016,0
Yadadri Bhongir,42675,November,2016,0
Yadadri Bhongir,42705,December,2016,0
Adilabad,42736,January,2017,5
Adilabad,42767,February,2017,0
Adilabad,42795,March,2017,0
Adilabad,42826,April,2017,0
Adilabad,42856,May,2017,0
Adilabad,42887,June,2017,3
Adilabad,42917,July,2017,0
Adilabad,42948,August,2017,0
Adilabad,42979,September,2017,3
Adilabad,43009,October,2017,0
Adilabad,43040,November,2017,0
Adilabad,43070,December,2017,0
Bhadradri Kothagudem ,42736,January,2017,0
Bhadradri Kothagudem ,42767,February,2017,0
Bhadradri Kothagudem ,42795,March,2017,0
Bhadradri Kothagudem ,42826,April,2017,0
Bhadradri Kothagudem ,42856,May,2017,0
Bhadradri Kothagudem ,42887,June,2017,0
Bhadradri Kothagudem ,42917,July,2017,0
Bhadradri Kothagudem ,42948,August,2017,0
Bhadradri Kothagudem ,42979,September,2017,0
Bhadradri Kothagudem ,43009,October,2017,0
Bhadradri Kothagudem ,43040,November,2017,0
Bhadradri Kothagudem ,43070,December,2017,0
Hyderabad,42736,January,2017,19286
Hyderabad,42767,February,2017,18097
Hyderabad,42795,March,2017,13875
Hyderabad,42826,April,2017,12996
Hyderabad,42856,May,2017,12983
Hyderabad,42887,June,2017,12486
Hyderabad,42917,July,2017,18144
Hyderabad,42948,August,2017,16985
Hyderabad,42979,September,2017,27856
Hyderabad,43009,October,2017,26368
Hyderabad,43040,November,2017,29170
Hyderabad,43070,December,2017,38933
Jagtial ,42736,January,2017,0
Jagtial ,42767,February,2017,0
Jagtial ,42795,March,2017,0
Jagtial ,42826,April,2017,0
Jagtial ,42856,May,2017,0
Jagtial ,42887,June,2017,0
Jagtial ,42917,July,2017,0
Jagtial ,42948,August,2017,0
Jagtial ,42979,September,2017,0
Jagtial ,43009,October,2017,0
Jagtial ,43040,November,2017,0
Jagtial ,43070,December,2017,0
Jangaon ,42736,January,2017,0
Jangaon ,42767,February,2017,0
Jangaon ,42795,March,2017,0
Jangaon ,42826,April,2017,0
Jangaon ,42856,May,2017,0
Jangaon ,42887,June,2017,0
,42917,July,2017,0
Jangaon ,42948,August,2017,0
Jangaon ,42979,September,2017,0
Jangaon ,43009,October,,0
Jangaon ,43040,November,2017,0
Jangaon ,43070,December,2017,0
Jayashankar Bhoopalpally,42736,January,2017,85
Jayashankar Bhoopalpally,42767,February,2017,38
Jayashankar Bhoopalpally,42795,March,2017,35
Jayashankar Bhoopalpally,42826,April,2017,36
Jayashankar Bhoopalpally,42856,May,2017,40
Jayashankar Bhoopalpally,42887,June,2017,35
Jayashankar Bhoopalpally,42917,July,2017,42
Jayashankar Bhoopalpally,42948,August,2017,45
Jayashankar Bhoopalpally,42979,September,2017,56
Jayashankar Bhoopalpally,43009,October,2017,55
Jayashankar Bhoopalpally,43040,November,2017,58
Jayashankar Bhoopalpally,43070,December,2017,57
Jogulamba Gadwal ,42736,January,2017,20
Jogulamba Gadwal ,42767,February,2017,16
Jogulamba Gadwal ,42795,March,2017,32
Jogulamba Gadwal ,42826,April,2017,29
Jogulamba Gadwal ,42856,May,2017,31
Jogulamba Gadwal ,42887,June,2017,32
Jogulamba Gadwal ,42917,July,2017,34
Jogulamba Gadwal ,42948,August,2017,25
Jogulamba Gadwal ,42979,September,2017,42
Jogulamba Gadwal ,43009,October,2017,13
Jogulamba Gadwal ,43040,November,2017,21
Jogulamba Gadwal ,43070,December,2017,10
Kamareddy ,42736,January,2017,0
Kamareddy ,42767,February,2017,0
Kamareddy ,42795,March,2017,0
Kamareddy ,42826,April,2017,0
Kamareddy ,42856,May,2017,0
Kamareddy ,42887,June,2017,0
Kamareddy ,42917,July,2017,0
Kamareddy ,42948,August,2017,0
Kamareddy ,42979,September,2017,0
Kamareddy ,43009,October,2017,0
Kamareddy ,43040,November,2017,0
Kamareddy ,43070,December,2017,0
Karimnagar ,42736,January,2017,0
Karimnagar ,42767,February,2017,0
Karimnagar ,42795,March,2017,0
Karimnagar ,42826,April,2017,0
Karimnagar ,42856,May,2017,0
Karimnagar ,42887,June,2017,0
Karimnagar ,42917,July,2017,0
Karimnagar ,42948,August,2017,0
Karimnagar ,42979,September,2017,0
Karimnagar ,43009,October,2017,0
Karimnagar ,43040,November,2017,0
Karimnagar ,43070,December,2017,0
Khammam,42736,January,2017,0
Khammam,42767,February,2017,0
Khammam,42795,March,2017,0
Khammam,42826,April,2017,0
Khammam,42856,May,2017,0
Khammam,42887,June,2017,0
Khammam,42917,July,2017,0
Khammam,42948,August,2017,0
Khammam,42979,September,2017,0
Khammam,43009,October,2017,0
Khammam,43040,November,2017,0
Khammam,43070,December,2017,0
Komaram Bheem Asifabad,42736,January,2017,0
Komaram Bheem Asifabad,42767,February,2017,0
Komaram Bheem Asifabad,42795,March,2017,0
Komaram Bheem Asifabad,42826,April,2017,0
Komaram Bheem Asifabad,42856,May,2017,0
Komaram Bheem Asifabad,42887,June,2017,0
Komaram Bheem Asifabad,42917,July,2017,0
Komaram Bheem Asifabad,42948,August,2017,0
Komaram Bheem Asifabad,42979,September,2017,0
Komaram Bheem Asifabad,43009,October,2017,0
Komaram Bheem Asifabad,43040,November,2017,0
Komaram Bheem Asifabad,43070,December,2017,0
Mahabubabad ,42736,January,2017,0
Mahabubabad ,42767,February,2017,0
Mahabubabad ,42795,March,2017,0
Mahabubabad ,42826,April,2017,0
Mahabubabad ,42856,May,2017,0
Mahabubabad ,42887,June,2017,0
Mahabubabad ,42917,July,2017,0
Mahabubabad ,42948,August,2017,0
Mahabubabad ,42979,September,2017,0
Mahabubabad ,43009,October,2017,0
Mahabubabad ,43040,November,2017,0
Mahabubabad ,43070,December,2017,0
Mahbubnagar,42736,January,2017,42
Mahbubnagar,42767,February,2017,39
Mahbubnagar,42795,March,2017,38
Mahbubnagar,42826,April,2017,39
Mahbubnagar,42856,May,2017,41
Mahbubnagar,42887,June,2017,43
Mahbubnagar,42917,July,2017,42
Mahbubnagar,42948,August,2017,44
Mahbubnagar,42979,September,2017,54
Mahbubnagar,43009,October,2017,47
Mahbubnagar,43040,November,2017,49
Mahbubnagar,43070,December,2017,42
Mancherial,42736,January,2017,0
Mancherial,42767,February,2017,0
Mancherial,42795,March,2017,0
Mancherial,42826,April,2017,0
Mancherial,42856,May,2017,0
Mancherial,42887,June,2017,0
Mancherial,42917,July,2017,0
Mancherial,42948,August,2017,0
Mancherial,42979,September,2017,0
Mancherial,43009,October,2017,0
Mancherial,43040,November,2017,0
Mancherial,43070,December,2017,0
Medak ,42736,January,2017,0
Medak ,42767,February,2017,0
Medak ,42795,March,2017,0
Medak ,42826,April,2017,0
Medak ,42856,May,2017,0
Medak ,42887,June,2017,0
Medak ,42917,July,2017,0
Medak ,42948,August,2017,0
Medak ,42979,September,2017,0
Medak ,43009,October,2017,0
Medak ,43040,November,2017,0
Medak ,43070,December,2017,0
Medchal ,42736,January,2017,0
Medchal ,42767,February,2017,0
Medchal ,42795,March,2017,0
Medchal ,42826,April,2017,0
Medchal ,42856,May,2017,0
Medchal ,42887,June,2017,0
Medchal ,42917,July,2017,0
Medchal ,42948,August,2017,0
Medchal ,42979,September,2017,0
Medchal ,43009,October,2017,0
Medchal ,43040,November,2017,0
Medchal ,43070,December,2017,0
Nagarkurnool ,42736,January,2017,19
Nagarkurnool ,42767,February,2017,25
Nagarkurnool ,42795,March,2017,24
Nagarkurnool ,42826,April,2017,29
Nagarkurnool ,42856,May,2017,31
Nagarkurnool ,42887,June,2017,35
Nagarkurnool ,42917,July,2017,25
Nagarkurnool ,42948,August,2017,23
Nagarkurnool ,42979,September,2017,32
Nagarkurnool ,43009,October,2017,18
Nagarkurnool ,43040,November,2017,21
Nagarkurnool ,43070,December,2017,29
Nalgonda,42736,January,2017,0
Nalgonda,42767,February,2017,0
Nalgonda,42795,March,2017,0
Nalgonda,42826,April,2017,0
Nalgonda,42856,May,2017,0
Nalgonda,42887,June,2017,0
Nalgonda,42917,July,2017,0
Nalgonda,42948,August,2017,0
Nalgonda,42979,September,2017,0
Nalgonda,43009,October,2017,0
Nalgonda,43040,November,2017,0
Nalgonda,43070,December,2017,0
Nirmal,42736,January,2017,0
Nirmal,42767,February,2017,0
Nirmal,42795,March,2017,0
Nirmal,42826,April,2017,0
Nirmal,42856,May,2017,0
Nirmal,42887,June,2017,0
Nirmal,42917,July,2017,0
Nirmal,42948,August,2017,0
Nirmal,42979,September,2017,0
Nirmal,43009,October,2017,0
Nirmal,43040,November,2017,0
Nirmal,43070,December,2017,0
Nizamabad,42736,January,2017,0
Nizamabad,42767,February,2017,0
Nizamabad,42795,March,2017,0
Nizamabad,42826,April,2017,2
Nizamabad,42856,May,2017,0
Nizamabad,42887,June,2017,0
Nizamabad,42917,July,2017,0
Nizamabad,42948,August,2017,0
Nizamabad,42979,September,2017,0
Nizamabad,43009,October,2017,0
Nizamabad,43040,November,2017,0
Nizamabad,43070,December,2017,0
Peddapalli,42736,January,2017,0
Peddapalli,42767,February,2017,0
Peddapalli,42795,March,2017,0
Peddapalli,42826,April,2017,0
Peddapalli,42856,May,2017,0
Peddapalli,42887,June,2017,0
Peddapalli,42917,July,2017,0
Peddapalli,42948,August,2017,0
Peddapalli,42979,September,2017,0
Peddapalli,43009,October,2017,0
Peddapalli,43040,November,2017,0
Peddapalli,43070,December,2017,0
Rajanna Sircilla ,42736,January,2017,0
Rajanna Sircilla ,42767,February,2017,0
Rajanna Sircilla ,42795,March,2017,0
Rajanna Sircilla ,42826,April,2017,0
Rajanna Sircilla ,42856,May,2017,0
Rajanna Sircilla ,42887,June,2017,0
Rajanna Sircilla ,42917,July,2017,0
Rajanna Sircilla ,42948,August,2017,0
Rajanna Sircilla ,42979,September,2017,0
Rajanna Sircilla ,43009,October,2017,0
Rajanna Sircilla ,43040,November,2017,0
Rajanna Sircilla ,43070,December,2017,0
Ranga Reddy,42736,January,2017,0
Ranga Reddy,42767,February,2017,0
Ranga Reddy,42795,March,2017,0
Ranga Reddy,42826,April,2017,0
Ranga Reddy,42856,May,2017,0
Ranga Reddy,42887,June,2017,0
Ranga Reddy,42917,July,2017,0
Ranga Reddy,42948,August,2017,0
Ranga Reddy,42979,September,2017,0
Ranga Reddy,43009,October,2017,0
Ranga Reddy,43040,November,2017,0
Ranga Reddy,43070,December,2017,0
Sangareddy ,42736,January,2017,0
Sangareddy ,42767,February,2017,0
Sangareddy ,42795,March,2017,0
Sangareddy ,42826,April,2017,0
Sangareddy ,42856,May,2017,0
Sangareddy ,42887,June,2017,0
Sangareddy ,42917,July,2017,0
Sangareddy ,42948,August,2017,0
Sangareddy ,42979,September,2017,0
Sangareddy ,43009,October,2017,0
Sangareddy ,43040,November,2017,0
Sangareddy ,43070,December,2017,0
Siddipet,42736,January,2017,0
Siddipet,42767,February,2017,0
Siddipet,42795,March,2017,0
Siddipet,42826,April,2017,0
Siddipet,42856,May,2017,0
Siddipet,42887,June,2017,0
Siddipet,42917,July,2017,0
Siddipet,42948,August,2017,0
Siddipet,42979,September,2017,0
Siddipet,43009,October,2017,0
Siddipet,43040,November,2017,0
Siddipet,43070,December,2017,0
Suryapet,42736,January,2017,0
Suryapet,42767,February,2017,0
Suryapet,42795,March,2017,0
Suryapet,42826,April,2017,0
Suryapet,42856,May,2017,0
Suryapet,42887,June,2017,0
Suryapet,42917,July,2017,0
Suryapet,42948,August,2017,0
Suryapet,42979,September,2017,0
Suryapet,43009,October,2017,0
Suryapet,43040,November,2017,0
Suryapet,43070,December,2017,0
Vikarabad,42736,January,2017,0
Vikarabad,42767,February,2017,0
Vikarabad,42795,March,2017,0
Vikarabad,42826,April,2017,0
Vikarabad,42856,May,2017,0
Vikarabad,42887,June,2017,0
Vikarabad,42917,July,2017,0
Vikarabad,42948,August,2017,0
Vikarabad,42979,September,2017,0
Vikarabad,43009,October,2017,0
Vikarabad,43040,November,2017,0
Vikarabad,43070,December,2017,0
Wanaparthy ,42736,January,2017,0
Wanaparthy ,42767,February,2017,0
Wanaparthy ,42795,March,2017,0
Wanaparthy ,42826,April,2017,0
Wanaparthy ,42856,May,2017,0
Wanaparthy ,42887,June,2017,0
Wanaparthy ,42917,July,2017,0
Wanaparthy ,42948,August,2017,0
Wanaparthy ,42979,September,2017,0
Wanaparthy ,43009,October,2017,0
Wanaparthy ,43040,November,2017,0
Wanaparthy ,43070,December,2017,0
Warangal (Rural),42736,January,2017,35
Warangal (Rural),42767,February,2017,25
Warangal (Rural),42795,March,2017,17
Warangal (Rural),42826,April,2017,19
Warangal (Rural),42856,May,2017,21
Warangal (Rural),42887,June,2017,24
Warangal (Rural),42917,July,2017,25
Warangal (Rural),42948,August,2017,28
Warangal (Rural),42979,September,2017,26
Warangal (Rural),43009,October,2017,25
Warangal (Rural),43040,November,2017,29
Warangal (Rural),43070,December,2017,32
Warangal (Urban),42736,January,2017,235
Warangal (Urban),42767,February,2017,242
Warangal (Urban),42795,March,2017,238
Warangal (Urban),42826,April,2017,209
Warangal (Urban),42856,May,2017,211
Warangal (Urban),42887,June,2017,194
Warangal (Urban),42917,July,2017,116
Warangal (Urban),42948,August,2017,219
Warangal (Urban),42979,September,2017,225
Warangal (Urban),43009,October,2017,236
Warangal (Urban),43040,November,2017,255
Warangal (Urban),43070,December,2017,250
Yadadri Bhongir,42736,January,2017,0
Yadadri Bhongir,42767,February,2017,0
Yadadri Bhongir,42795,March,2017,0
Yadadri Bhongir,42826,April,2017,0
Yadadri Bhongir,42856,May,2017,0
Yadadri Bhongir,42887,June,2017,0
Yadadri Bhongir,42917,July,2017,0
Yadadri Bhongir,42948,August,2017,0
Yadadri Bhongir,42979,September,2017,0
Yadadri Bhongir,43009,October,2017,0
Yadadri Bhongir,43040,November,2017,0
Yadadri Bhongir,43070,December,2017,0
Adilabad,43101,January,2018,0
Adilabad,43132,February,2018,0
Adilabad,43160,March,2018,0
Adilabad,43191,April,2018,0
Adilabad,43221,May,2018,0
Adilabad,43252,June,2018,0
Adilabad,43282,July,2018,2
Adilabad,43313,August,2018,3
Adilabad,43344,September,2018,0
Adilabad,43374,October,2018,0
Adilabad,43405,November,2018,0
Adilabad,43435,December,2018,0
Bhadradri Kothagudem ,43101,January,2018,0
Bhadradri Kothagudem ,43132,February,2018,0
Bhadradri Kothagudem ,43160,March,2018,0
Bhadradri Kothagudem ,43191,April,2018,0
Bhadradri Kothagudem ,43221,May,2018,0
Bhadradri Kothagudem ,43252,June,2018,0
Bhadradri Kothagudem ,43282,July,2018,0
Bhadradri Kothagudem ,43313,August,2018,0
Bhadradri Kothagudem ,43344,September,2018,0
Bhadradri Kothagudem ,43374,October,2018,0
Bhadradri Kothagudem ,43405,November,2018,0
Bhadradri Kothagudem ,43435,December,2018,0
Hyderabad,43101,January,2018,35379
Hyderabad,43132,February,2018,30414
Hyderabad,43160,March,2018,27535
Hyderabad,43191,April,2018,20830
Hyderabad,43221,May,2018,21554
Hyderabad,43252,June,2018,24677
Hyderabad,43282,July,2018,17456
Hyderabad,43313,August,2018,31217
Hyderabad,43344,September,2018,22809
Hyderabad,43374,October,2018,30072
Hyderabad,43405,November,2018,23487
Hyderabad,43435,December,2018,29358
Jagtial ,43101,January,2018,0
Jagtial ,43132,February,2018,0
Jagtial ,43160,March,2018,0
Jagtial ,43191,April,2018,0
Jagtial ,43221,May,2018,0
Jagtial ,43252,June,2018,0
Jagtial ,43282,July,2018,0
Jagtial ,43313,August,2018,0
Jagtial ,43344,September,2018,0
Jagtial ,43374,October,2018,0
Jagtial ,43405,November,2018,0
Jagtial ,43435,December,2018,0
Jangaon ,43101,January,2018,0
Jangaon ,43132,February,2018,0
Jangaon ,43160,March,2018,0
Jangaon ,43191,April,2018,0
Jangaon ,43221,May,2018,0
Jangaon ,43252,June,2018,0
Jangaon ,43282,July,2018,0
Jangaon ,43313,August,2018,0
Jangaon ,43344,September,2018,0
Jangaon ,43374,October,2018,0
Jangaon ,43405,November,2018,0
Jangaon ,43435,December,2018,0
Jayashankar Bhoopalpally,43101,January,2018,50
Jayashankar Bhoopalpally,43132,February,2018,60
Jayashankar Bhoopalpally,43160,March,2018,70
Jayashankar Bhoopalpally,43191,April,2018,45
Jayashankar Bhoopalpally,43221,May,2018,40
Jayashankar Bhoopalpally,43252,June,2018,35
Jayashankar Bhoopalpally,43282,July,2018,40
Jayashankar Bhoopalpally,43313,August,2018,35
Jayashankar Bhoopalpally,43344,September,2018,40
Jayashankar Bhoopalpally,43374,October,2018,40
Jayashankar Bhoopalpally,43405,November,2018,40
Jayashankar Bhoopalpally,43435,December,2018,44
Jogulamba Gadwal ,43101,January,2018,36
Jogulamba Gadwal ,43132,February,2018,6
Jogulamba Gadwal ,43160,March,2018,22
Jogulamba Gadwal ,43191,April,2018,15
Jogulamba Gadwal ,43221,May,2018,19
Jogulamba Gadwal ,43252,June,2018,19
Jogulamba Gadwal ,43282,July,2018,37
Jogulamba Gadwal ,43313,August,2018,42
Jogulamba Gadwal ,43344,September,2018,35
Jogulamba Gadwal ,43374,October,2018,13
Jogulamba Gadwal ,43405,November,2018,45
Jogulamba Gadwal ,43435,December,2018,11
Kamareddy ,43101,January,2018,0
Kamareddy ,43132,February,2018,0
Kamareddy ,43160,March,2018,0
Kamareddy ,43191,April,2018,0
Kamareddy ,43221,May,2018,0
Kamareddy ,43252,June,2018,0
Kamareddy ,43282,July,2018,0
Kamareddy ,43313,August,2018,0
Kamareddy ,43344,September,2018,0
Kamareddy ,43374,October,2018,0
Kamareddy ,43405,November,2018,0
Kamareddy ,43435,December,2018,0
Karimnagar ,43101,January,2018,0
Karimnagar ,43132,February,2018,0
Karimnagar ,43160,March,2018,0
Karimnagar ,43191,April,2018,0
Karimnagar ,43221,May,2018,0
Karimnagar ,43252,June,2018,0
Karimnagar ,43282,July,2018,0
Karimnagar ,43313,August,2018,0
Karimnagar ,43344,September,2018,0
Karimnagar ,43374,October,2018,0
Karimnagar ,43405,November,2018,0
Karimnagar ,43435,December,2018,0
Khammam,43101,January,2018,0
Khammam,43132,February,2018,0
Khammam,43160,March,2018,0
Khammam,43191,April,2018,0
Khammam,43221,May,2018,0
Khammam,43252,June,2018,0
Khammam,43282,July,2018,0
Khammam,43313,August,2018,0
Khammam,43344,September,2018,0
Khammam,43374,October,2018,0
Khammam,43405,November,2018,0
Khammam,43435,December,2018,0
Komaram Bheem Asifabad,43101,January,2018,0
Komaram Bheem Asifabad,43132,February,2018,0
Komaram Bheem Asifabad,43160,March,2018,0
Komaram Bheem Asifabad,43191,April,2018,0
Komaram Bheem Asifabad,43221,May,2018,0
Komaram Bheem Asifabad,43252,June,2018,0
Komaram Bheem Asifabad,43282,July,2018,0
Komaram Bheem Asifabad,43313,August,2018,0
Komaram Bheem Asifabad,43344,September,2018,0
Komaram Bheem Asifabad,43374,October,2018,0
Komaram Bheem Asifabad,43405,November,2018,0
Komaram Bheem Asifabad,43435,December,2018,0
Mahabubabad ,43101,January,2018,0
Mahabubabad ,43132,February,2018,0
Mahabubabad ,43160,March,2018,0
Mahabubabad ,43191,April,2018,0
Mahabubabad ,43221,May,2018,0
Mahabubabad ,43252,June,2018,0
Mahabubabad ,43282,July,2018,0
Mahabubabad ,43313,August,2018,0
Mahabubabad ,43344,September,2018,0
Mahabubabad ,43374,October,2018,0
Mahabubabad ,43405,November,2018,0
Mahabubabad ,43435,December,2018,0
Mahbubnagar,43101,January,2018,45
Mahbubnagar,43132,February,2018,29
Mahbubnagar,43160,March,2018,28
Mahbubnagar,43191,April,2018,26
Mahbubnagar,43221,May,2018,26
Mahbubnagar,43252,June,2018,26
Mahbubnagar,43282,July,2018,47
Mahbubnagar,43313,August,2018,44
Mahbubnagar,43344,September,2018,52
Mahbubnagar,43374,October,2018,37
Mahbubnagar,43405,November,2018,68
Mahbubnagar,43435,December,2018,26
Mancherial,43101,January,2018,0
Mancherial,43132,February,2018,0
Mancherial,43160,March,2018,0
Mancherial,43191,April,2018,0
Mancherial,43221,May,2018,0
Mancherial,43252,June,2018,0
Mancherial,43282,July,2018,0
Mancherial,43313,August,2018,0
Mancherial,43344,September,2018,0
Mancherial,43374,October,2018,0
Mancherial,43405,November,2018,0
Mancherial,43435,December,2018,0
Medak ,43101,January,2018,0
Medak ,43132,February,2018,0
Medak ,43160,March,2018,0
Medak ,43191,April,2018,0
Medak ,43221,May,2018,0
Medak ,43252,June,2018,0
Medak ,43282,July,2018,0
Medak ,43313,August,2018,0
Medak ,43344,September,2018,0
Medak ,43374,October,2018,0
Medak ,43405,November,2018,0
Medak ,43435,December,2018,0
Medchal ,43101,January,2018,0
Medchal ,43132,February,2018,0
Medchal ,43160,March,2018,0
Medchal ,43191,April,2018,0
Medchal ,43221,May,2018,0
Medchal ,43252,June,2018,0
Medchal ,43282,July,2018,0
Medchal ,43313,August,2018,0
Medchal ,43344,September,2018,0
Medchal ,43374,October,2018,0
Medchal ,43405,November,2018,0
Medchal ,43435,December,2018,0
Nagarkurnool ,43101,January,2018,35
Nagarkurnool ,43132,February,2018,15
Nagarkurnool ,43160,March,2018,14
Nagarkurnool ,43191,April,2018,15
Nagarkurnool ,43221,May,2018,19
Nagarkurnool ,43252,June,2018,
,43282,July,2018,17
Nagarkurnool ,43313,August,2018,22
Nagarkurnool ,43344,September,2018,22
Nagarkurnool ,43374,October,2018,8
Nagarkurnool ,43405,November,2018,30
Nagarkurnool ,43435,December,2018,10
Nalgonda,43101,January,2018,0
Nalgonda,43132,February,2018,0
Nalgonda,43160,March,2018,0
Nalgonda,43191,April,2018,0
Nalgonda,43221,May,2018,0
Nalgonda,43252,June,2018,0
Nalgonda,43282,July,2018,0
Nalgonda,43313,August,2018,0
Nalgonda,43344,,2018,0
Nalgonda,43374,October,2018,0
Nalgonda,43405,November,2018,0
Nalgonda,43435,December,2018,0
Nirmal,43101,January,2018,0
Nirmal,43132,February,2018,0
Nirmal,43160,March,2018,0
Nirmal,43191,April,2018,0
Nirmal,43221,May,2018,0
Nirmal,43252,June,2018,0
Nirmal,43282,July,2018,0
Nirmal,43313,August,2018,2
Nirmal,43344,September,2018,0
Nirmal,43374,October,2018,0
Nirmal,43405,November,2018,0
Nirmal,43435,December,2018,0
Nizamabad,43101,January,2018,1
Nizamabad,43132,February,2018,0
Nizamabad,43160,March,2018,0
Nizamabad,43191,April,2018,0
Nizamabad,43221,May,2018,0
Nizamabad,43252,June,2018,0
Nizamabad,43282,July,2018,1
Nizamabad,43313,August,2018,0
Nizamabad,43344,September,2018,0
Nizamabad,43374,October,2018,0
Nizamabad,43405,November,2018,0
Nizamabad,43435,December,2018,0
Peddapalli,43101,January,2018,0
Peddapalli,43132,February,2018,0
Peddapalli,43160,March,2018,0
Peddapalli,43191,April,2018,0
Peddapalli,43221,May,2018,0
Peddapalli,43252,June,2018,0
Peddapalli,43282,July,2018,0
Peddapalli,43313,August,2018,0
Peddapalli,43344,September,2018,0
Peddapalli,43374,October,2018,0
Peddapalli,43405,November,2018,0
Peddapalli,43435,December,2018,0
Rajanna Sircilla ,43101,January,2018,0
Rajanna Sircilla ,43132,February,2018,0
Rajanna Sircilla ,43160,March,2018,0
Rajanna Sircilla ,43191,April,2018,0
Rajanna Sircilla ,43221,May,2018,0
Rajanna Sircilla ,43252,June,2018,0
Rajanna Sircilla ,43282,July,2018,0
Rajanna Sircilla ,43313,August,2018,0
Rajanna Sircilla ,43344,September,2018,0
Rajanna Sircilla ,43374,October,2018,0
Rajanna Sircilla ,43405,November,2018,0
Rajanna Sircilla ,43435,December,2018,0
Ranga Reddy,43101,January,2018,0
Ranga Reddy,43132,February,2018,0
Ranga Reddy,43160,March,2018,0
Ranga Reddy,43191,April,2018,0
Ranga Reddy,43221,May,2018,0
Ranga Reddy,43252,June,2018,0
Ranga Reddy,43282,July,2018,0
Ranga Reddy,43313,August,2018,0
Ranga Reddy,43344,September,2018,0
Ranga Reddy,43374,October,2018,0
Ranga Reddy,43405,November,2018,0
Ranga Reddy,43435,December,2018,0
Sangareddy ,43101,January,2018,0
Sangareddy ,43132,February,2018,0
Sangareddy ,43160,March,2018,0
Sangareddy ,43191,April,2018,0
Sangareddy ,43221,May,2018,0
Sangareddy ,43252,June,2018,0
Sangareddy ,43282,July,2018,0
Sangareddy ,43313,August,2018,0
Sangareddy ,43344,September,2018,0
Sangareddy ,43374,October,2018,0
Sangareddy ,43405,November,2018,0
Sangareddy ,43435,December,2018,0
Siddipet,43101,January,2018,0
Siddipet,43132,February,2018,0
Siddipet,43160,March,2018,0
Siddipet,43191,April,2018,0
Siddipet,43221,May,2018,0
Siddipet,43252,June,2018,0
Siddipet,43282,July,2018,0
Siddipet,43313,August,2018,0
Siddipet,43344,September,2018,0
Siddipet,43374,October,2018,0
Siddipet,43405,November,2018,0
Siddipet,43435,December,2018,0
Suryapet,43101,January,2018,0
Suryapet,43132,February,2018,0
Suryapet,43160,March,2018,0
Suryapet,43191,April,2018,0
Suryapet,43221,May,2018,0
Suryapet,43252,June,2018,0
Suryapet,43282,July,2018,0
Suryapet,43313,August,2018,0
Suryapet,43344,September,2018,0
Suryapet,43374,October,2018,0
Suryapet,43405,November,2018,0
Suryapet,43435,December,2018,0
Vikarabad,43101,January,2018,0
Vikarabad,43132,February,2018,0
Vikarabad,43160,March,2018,0
Vikarabad,43191,April,2018,0
Vikarabad,43221,May,2018,0
Vikarabad,43252,June,2018,0
Vikarabad,43282,July,2018,0
Vikarabad,43313,August,2018,0
Vikarabad,43344,September,2018,0
Vikarabad,43374,October,2018,0
Vikarabad,43405,November,2018,0
Vikarabad,43435,December,2018,0
Wanaparthy ,43101,January,2018,0
Wanaparthy ,43132,February,2018,0
Wanaparthy ,43160,March,2018,0
Wanaparthy ,43191,April,2018,0
Wanaparthy ,43221,May,2018,0
Wanaparthy ,43252,June,2018,0
Wanaparthy ,43282,July,2018,0
Wanaparthy ,43313,August,2018,0
Wanaparthy ,43344,September,2018,0
Wanaparthy ,43374,October,2018,0
Wanaparthy ,43405,November,2018,0
Wanaparthy ,43435,December,2018,0
Warangal (Rural),43101,January,2018,0
Warangal (Rural),43132,February,2018,0
Warangal (Rural),43160,March,2018,0
Warangal (Rural),43191,April,2018,0
Warangal (Rural),43221,May,2018,0
Warangal (Rural),43252,June,2018,0
Warangal (Rural),43282,July,2018,0
Warangal (Rural),43313,August,2018,0
Warangal (Rural),43344,September,2018,0
Warangal (Rural),43374,October,2018,0
Warangal (Rural),43405,November,2018,0
Warangal (Rural),43435,December,2018,0
Warangal (Urban),43101,January,2018,150
Warangal (Urban),43132,February,2018,185
Warangal (Urban),43160,March,2018,160
Warangal (Urban),43191,April,2018,150
Warangal (Urban),43221,May,2018,140
Warangal (Urban),43252,June,2018,130
Warangal (Urban),43282,July,2018,130
Warangal (Urban),43313,August,2018,135
Warangal (Urban),43344,September,2018,145
Warangal (Urban),43374,October,2018,160
Warangal (Urban),43405,November,2018,170
Warangal (Urban),43435,December,2018,187
Yadadri Bhongir,43101,January,2018,0
Yadadri Bhongir,43132,February,2018,0
Yadadri Bhongir,43160,March,2018,0
Yadadri Bhongir,43191,April,2018,0
Yadadri Bhongir,43221,May,2018,0
Yadadri Bhongir,43252,June,2018,0
Yadadri Bhongir,43282,July,2018,0
Yadadri Bhongir,43313,August,2018,0
Yadadri Bhongir,43344,September,2018,0
Yadadri Bhongir,43374,October,2018,0
Yadadri Bhongir,43405,November,2018,0
Yadadri Bhongir,43435,December,2018,0
Adilabad,43466,January,2019,0
Adilabad,43497,February,2019,2
Adilabad,43525,March,2019,0
Adilabad,43556,April,2019,0
Adilabad,43586,May,2019,0
Adilabad,43617,June,2019,0
Adilabad,43647,July,2019,0
Adilabad,43678,August,2019,2
Adilabad,43709,September,2019,0
Adilabad,43739,October,2019,0
Adilabad,43770,November,2019,2
Adilabad,43800,December,2019,0
Bhadradri Kothagudem ,43466,January,2019,0
Bhadradri Kothagudem ,43497,February,2019,0
Bhadradri Kothagudem ,43525,March,2019,0
Bhadradri Kothagudem ,43556,April,2019,0
Bhadradri Kothagudem ,43586,May,2019,0
Bhadradri Kothagudem ,43617,June,2019,0
Bhadradri Kothagudem ,43647,July,2019,0
Bhadradri Kothagudem ,43678,August,2019,0
Bhadradri Kothagudem ,43709,September,2019,0
Bhadradri Kothagudem ,43739,October,2019,0
Bhadradri Kothagudem ,43770,November,2019,0
Bhadradri Kothagudem ,43800,December,2019,0
Hyderabad,43466,January,2019,35920
Hyderabad,43497,February,2019,25621
Hyderabad,43525,March,2019,21929
Hyderabad,43556,April,2019,18267
Hyderabad,43586,May,2019,17317
Hyderabad,43617,June,2019,20077
Hyderabad,43647,July,2019,27874
Hyderabad,43678,August,2019,22725
Hyderabad,43709,September,2019,34018
Hyderabad,43739,October,2019,28706
Hyderabad,43770,November,2019,32762
Hyderabad,43800,December,2019,34084
Jagtial ,43466,January,2019,0
Jagtial ,43497,February,2019,0
Jagtial ,43525,March,2019,0
Jagtial ,43556,April,2019,0
Jagtial ,43586,May,2019,0
Jagtial ,43617,June,2019,0
Jagtial ,43647,July,2019,0
Jagtial ,43678,August,2019,0
Jagtial ,43709,September,2019,0
Jagtial ,43739,October,2019,0
Jagtial ,43770,November,2019,0
Jagtial ,43800,December,2019,0
Jangaon ,43466,January,2019,0
Jangaon ,43497,February,2019,0
Jangaon ,43525,March,2019,0
Jangaon ,43556,April,2019,0
Jangaon ,43586,May,2019,0
Jangaon ,43617,June,2019,0
Jangaon ,43647,July,2019,0
Jangaon ,43678,August,2019,0
Jangaon ,43709,September,2019,0
Jangaon ,43739,October,2019,0
Jangaon ,43770,November,2019,0
Jangaon ,43800,December,2019,0
Jayashankar Bhoopalpally,43466,January,2019,45
Jayashankar Bhoopalpally,43497,February,2019,0
Jayashankar Bhoopalpally,43525,March,2019,0
Jayashankar Bhoopalpally,43556,April,2019,0
Jayashankar Bhoopalpally,43586,May,2019,0
Jayashankar Bhoopalpally,43617,June,2019,0
Jayashankar Bhoopalpally,43647,July,2019,0
Jayashankar Bhoopalpally,43678,August,2019,0
Jayashankar Bhoopalpally,43709,September,2019,0
Jayashankar Bhoopalpally,43739,October,2019,0
Jayashankar Bhoopalpally,43770,November,2019,0
Jayashankar Bhoopalpally,43800,December,2019,0
Jogulamba Gadwal ,43466,January,2019,36
Jogulamba Gadwal ,43497,February,2019,6
Jogulamba Gadwal ,43525,March,2019,22
Jogulamba Gadwal ,43556,April,2019,16
Jogulamba Gadwal ,43586,May,2019,20
Jogulamba Gadwal ,43617,June,2019,22
Jogulamba Gadwal ,43647,July,2019,37
Jogulamba Gadwal ,43678,August,2019,42
Jogulamba Gadwal ,43709,September,2019,25
Jogulamba Gadwal ,43739,October,2019,13
Jogulamba Gadwal ,43770,November,2019,45
Jogulamba Gadwal ,43800,December,2019,11
Kamareddy ,43466,January,2019,0
Kamareddy ,43497,February,2019,0
Kamareddy ,43525,March,2019,0
Kamareddy ,43556,April,2019,0
Kamareddy ,43586,May,2019,0
Kamareddy ,43617,June,2019,0
Kamareddy ,43647,July,2019,0
Kamareddy ,43678,August,2019,0
Kamareddy ,43709,September,2019,0
Kamareddy ,43739,October,2019,0
Kamareddy ,43770,November,2019,0
Kamareddy ,43800,December,2019,0
Karimnagar ,43466,January,2019,0
Karimnagar ,43497,February,2019,0
Karimnagar ,43525,March,2019,0
Karimnagar ,43556,April,2019,0
Karimnagar ,43586,May,2019,0
Karimnagar ,43617,June,2019,0
Karimnagar ,43647,July,2019,0
Karimnagar ,43678,August,2019,0
Karimnagar ,43709,September,2019,0
Karimnagar ,43739,October,2019,0
Karimnagar ,43770,November,2019,0
Karimnagar ,43800,December,2019,0
Khammam,43466,January,2019,0
Khammam,43497,February,2019,0
Khammam,43525,March,2019,0
Khammam,43556,April,2019,0
Khammam,43586,May,2019,0
Khammam,43617,June,2019,0
Khammam,43647,July,2019,0
Khammam,43678,August,2019,0
Khammam,43709,September,2019,0
Khammam,43739,October,2019,0
Khammam,43770,November,2019,0
Khammam,43800,December,2019,0
Komaram Bheem Asifabad,43466,January,2019,0
Komaram Bheem Asifabad,43497,February,2019,0
Komaram Bheem Asifabad,43525,March,2019,0
Komaram Bheem Asifabad,43556,April,2019,0
Komaram Bheem Asifabad,43586,May,2019,0
Komaram Bheem Asifabad,43617,June,2019,0
Komaram Bheem Asifabad,43647,July,2019,0
Komaram Bheem Asifabad,43678,August,2019,0
Komaram Bheem Asifabad,43709,September,2019,0
Komaram Bheem Asifabad,43739,October,2019,0
Komaram Bheem Asifabad,43770,November,2019,0
Komaram Bheem Asifabad,43800,December,2019,0
Mahabubabad ,43466,January,2019,0
Mahabubabad ,43497,February,2019,0
Mahabubabad ,43525,March,2019,0
Mahabubabad ,43556,April,2019,0
Mahabubabad ,43586,May,2019,0
Mahabubabad ,43617,June,2019,0
Mahabubabad ,43647,July,2019,0
Mahabubabad ,43678,August,2019,0
Mahabubabad ,43709,September,2019,0
Mahabubabad ,43739,October,2019,0
Mahabubabad ,43770,November,2019,0
Mahabubabad ,43800,December,2019,0
Mahbubnagar,43466,January,2019,45
Mahbubnagar,43497,February,2019,29
Mahbubnagar,43525,March,2019,28
Mahbubnagar,43556,April,2019,34
Mahbubnagar,43586,May,2019,20
Mahbubnagar,43617,June,2019,28
Mahbubnagar,43647,July,2019,47
Mahbubnagar,43678,August,2019,44
Mahbubnagar,43709,September,2019,34
Mahbubnagar,43739,October,2019,37
Mahbubnagar,43770,November,2019,68
Mahbubnagar,43800,December,2019,26
Mancherial,43466,January,2019,0
Mancherial,43497,February,2019,0
Mancherial,43525,March,2019,0
Mancherial,43556,April,2019,0
Mancherial,43586,May,2019,0
Mancherial,43617,June,2019,0
Mancherial,43647,July,2019,0
Mancherial,43678,August,2019,0
Mancherial,43709,September,2019,0
Mancherial,43739,October,2019,0
Mancherial,43770,November,2019,10
Mancherial,43800,December,2019,0
Medak ,43466,January,2019,0
Medak ,43497,February,2019,0
Medak ,43525,March,2019,0
Medak ,43556,April,2019,0
Medak ,43586,May,2019,0
Medak ,43617,June,2019,0
Medak ,43647,July,2019,0
Medak ,43678,August,2019,0
Medak ,43709,September,2019,0
Medak ,43739,October,2019,0
Medak ,43770,November,2019,0
Medak ,43800,December,2019,0
Medchal ,43466,January,2019,0
Medchal ,43497,February,2019,0
Medchal ,43525,March,2019,0
Medchal ,43556,April,2019,0
Medchal ,43586,May,2019,0
Medchal ,43617,June,2019,0
Medchal ,43647,July,2019,0
Medchal ,43678,August,2019,0
Medchal ,43709,September,2019,0
Medchal ,43739,October,2019,0
Medchal ,43770,November,2019,0
Medchal ,43800,December,2019,0
Mulugu,43466,January,2019,0
Mulugu,43497,February,2019,45
Mulugu,43525,March,2019,40
Mulugu,43556,April,2019,40
Mulugu,43586,May,2019,40
Mulugu,43617,June,2019,50
Mulugu,43647,July,2019,55
Mulugu,43678,August,2019,50
Mulugu,43709,September,2019,60
Mulugu,43739,October,2019,60
Mulugu,43770,November,2019,70
Mulugu,43800,December,2019,65
Nagarkurnool ,43466,January,2019,35
Nagarkurnool ,43497,February,2019,15
Nagarkurnool ,43525,March,2019,14
Nagarkurnool ,43556,April,2019,18
Nagarkurnool ,43586,May,2019,14
Nagarkurnool ,43617,June,2019,14
Nagarkurnool ,43647,July,2019,17
Nagarkurnool ,43678,August,2019,22
Nagarkurnool ,43709,September,2019,7
Nagarkurnool ,43739,October,2019,3
Nagarkurnool ,43770,November,2019,30
Nagarkurnool ,43800,December,2019,10
Nalgonda,43466,January,2019,0
Nalgonda,43497,February,2019,0
Nalgonda,43525,March,2019,0
Nalgonda,43556,April,2019,0
Nalgonda,43586,May,2019,0
Nalgonda,43617,June,2019,0
Nalgonda,43647,July,2019,0
Nalgonda,43678,August,2019,0
Nalgonda,43709,September,2019,0
Nalgonda,43739,October,2019,0
Nalgonda,43770,November,2019,0
Nalgonda,43800,December,2019,0
Narayanpet,43466,January,2019,0
Narayanpet,43497,February,2019,0
Narayanpet,43525,March,2019,0
Narayanpet,43556,April,2019,0
Narayanpet,43586,May,2019,0
Narayanpet,43617,June,2019,0
Narayanpet,43647,July,2019,0
Narayanpet,43678,August,2019,0
Narayanpet,43709,September,2019,0
Narayanpet,43739,October,2019,0
Narayanpet,43770,November,2019,0
Narayanpet,43800,December,2019,5
Nirmal,43466,January,2019,0
Nirmal,43497,February,2019,0
Nirmal,43525,March,2019,0
Nirmal,43556,April,2019,0
Nirmal,43586,May,2019,0
Nirmal,43617,June,2019,0
Nirmal,43647,July,2019,0
Nirmal,43678,August,2019,0
Nirmal,43709,September,2019,0
Nirmal,43739,October,2019,0
Nirmal,43770,November,2019,0
Nirmal,43800,December,2019,0
Nizamabad,43466,January,2019,0
Nizamabad,43497,February,2019,1
Nizamabad,43525,March,2019,0
Nizamabad,43556,April,2019,0
Nizamabad,43586,May,2019,0
,43617,June,2019,0
Nizamabad,43647,July,2019,0
Nizamabad,43678,August,2019,0
Nizamabad,43709,September,2019,0
Nizamabad,43739,October,2019,0
Nizamabad,43770,November,2019,0
Nizamabad,43800,December,2019,0
Peddapalli,43466,January,2019,0
Peddapalli,43497,February,2019,0
Peddapalli,43525,,2019,
Peddapalli,43556,April,2019,0
Peddapalli,43586,May,2019,0
Peddapalli,43617,June,2019,0
Peddapalli,43647,July,2019,0
Peddapalli,43678,August,2019,0
Peddapalli,43709,September,2019,0
Peddapalli,43739,October,2019,0
Peddapalli,43770,November,2019,0
Peddapalli,43800,December,2019,0
Rajanna Sircilla ,43466,January,2019,0
Rajanna Sircilla ,43497,February,2019,0
Rajanna Sircilla ,43525,March,2019,0
Rajanna Sircilla ,43556,April,2019,0
Rajanna Sircilla ,43586,May,2019,0
Rajanna Sircilla ,43617,June,2019,0
Rajanna Sircilla ,43647,July,2019,0
Rajanna Sircilla ,43678,August,2019,0
Rajanna Sircilla ,43709,September,2019,0
Rajanna Sircilla ,43739,October,2019,0
Rajanna Sircilla ,43770,November,2019,0
Rajanna Sircilla ,43800,December,2019,0
Ranga Reddy,43466,January,2019,0
Ranga Reddy,43497,February,2019,0
Ranga Reddy,43525,March,2019,0
Ranga Reddy,43556,April,2019,0
Ranga Reddy,43586,May,2019,0
Ranga Reddy,43617,June,2019,0
Ranga Reddy,43647,July,2019,0
Ranga Reddy,43678,August,2019,0
Ranga Reddy,43709,September,2019,0
Ranga Reddy,43739,October,2019,0
Ranga Reddy,43770,November,2019,0
Ranga Reddy,43800,December,2019,0
Sangareddy ,43466,January,2019,0
Sangareddy ,43497,February,2019,0
Sangareddy ,43525,March,2019,0
Sangareddy ,43556,April,2019,0
Sangareddy ,43586,May,2019,0
Sangareddy ,43617,June,2019,0
Sangareddy ,43647,July,2019,0
Sangareddy ,43678,August,2019,0
Sangareddy ,43709,September,2019,0
Sangareddy ,43739,October,2019,0
Sangareddy ,43770,November,2019,0
Sangareddy ,43800,December,2019,0
Siddipet,43466,January,2019,0
Siddipet,43497,February,2019,0
Siddipet,43525,March,2019,0
Siddipet,43556,April,2019,0
Siddipet,43586,May,2019,0
Siddipet,43617,June,2019,0
Siddipet,43647,July,2019,0
Siddipet,43678,August,2019,0
Siddipet,43709,September,2019,0
Siddipet,43739,October,2019,0
Siddipet,43770,November,2019,0
Siddipet,43800,December,2019,0
Suryapet,43466,January,2019,0
Suryapet,43497,February,2019,0
Suryapet,43525,March,2019,0
Suryapet,43556,April,2019,0
Suryapet,43586,May,2019,0
Suryapet,43617,June,2019,0
Suryapet,43647,July,2019,0
Suryapet,43678,August,2019,0
Suryapet,43709,September,2019,0
Suryapet,43739,October,2019,0
Suryapet,43770,November,2019,0
Suryapet,43800,December,2019,0
Vikarabad,43466,January,2019,0
Vikarabad,43497,February,2019,0
Vikarabad,43525,March,2019,0
Vikarabad,43556,April,2019,0
Vikarabad,43586,May,2019,0
Vikarabad,43617,June,2019,0
Vikarabad,43647,July,2019,0
Vikarabad,43678,August,2019,0
Vikarabad,43709,September,2019,0
Vikarabad,43739,October,2019,0
Vikarabad,43770,November,2019,0
Vikarabad,43800,December,2019,0
Wanaparthy ,43466,January,2019,0
Wanaparthy ,43497,February,2019,0
Wanaparthy ,43525,March,2019,0
Wanaparthy ,43556,April,2019,0
Wanaparthy ,43586,May,2019,0
Wanaparthy ,43617,June,2019,0
Wanaparthy ,43647,July,2019,0
Wanaparthy ,43678,August,2019,0
Wanaparthy ,43709,September,2019,0
Wanaparthy ,43739,October,2019,0
Wanaparthy ,43770,November,2019,0
Wanaparthy ,43800,December,2019,0
Warangal (Rural),43466,January,2019,0
Warangal (Rural),43497,February,2019,0
Warangal (Rural),43525,March,2019,0
Warangal (Rural),43556,April,2019,0
Warangal (Rural),43586,May,2019,0
Warangal (Rural),43617,June,2019,0
Warangal (Rural),43647,July,2019,0
Warangal (Rural),43678,August,2019,0
Warangal (Rural),43709,September,2019,0
Warangal (Rural),43739,October,2019,0
Warangal (Rural),43770,November,2019,0
Warangal (Rural),43800,December,2019,0
Warangal (Urban),43466,January,2019,175
Warangal (Urban),43497,February,2019,200
Warangal (Urban),43525,March,2019,200
,43556,April,2019,
Warangal (Urban),43586,May,2019,175
Warangal (Urban),43617,June,2019,195
Warangal (Urban),43647,July,2019,185
Warangal (Urban),43678,August,2019,230
Warangal (Urban),43709,September,2019,240
Warangal (Urban),43739,October,2019,220
Warangal (Urban),43770,November,2019,230
Warangal (Urban),43800,December,2019,210
Yadadri Bhongir,43466,January,2019,0
Yadadri Bhongir,43497,February,2019,0
Yadadri Bhongir,43525,March,2019,0
Yadadri Bhongir,43556,April,2019,0
Yadadri Bhongir,43586,,2019,0
Yadadri Bhongir,43617,June,2019,0
Yadadri Bhongir,43647,July,2019,0
Yadadri Bhongir,43678,August,2019,0
Yadadri Bhongir,43709,September,2019,0
Yadadri Bhongir,43739,October,2019,0
Yadadri Bhongir,43770,November,2019,0
Yadadri Bhongir,43800,December,2019,
